{
  "users": [
    {
      "id": "1",
      "name": "Nombre Completo",
      "email": "correo@ejemplo.com",
      "phone": "1234567890",
      "enrollNumber": "12345678901234",
      "dateOfAdmission": "08-Dec-2021"
    },
    {
      "id": "e738",
      "name": "",
      "email": "",
      "phone": "",
      "enrollNumber": "",
      "dateOfAdmission": ""
    },
    {
      "id": "bfc1",
      "name": "Carolina",
      "email": "caro@gmial.com",
      "phone": "222222",
      "enrollNumber": "154545",
      "dateOfAdmission": "8-04-2022"
    },
    {
      "id": "b175",
      "name": "prueba",
      "email": "addad",
      "phone": "adad",
      "enrollNumber": "da",
      "dateOfAdmission": "dada"
    }
  ]
}